<?xml version="1.0" encoding="UTF-8" standalone="yes"?>

<addon 
	id="repository.hdplay" 
	version="1.0.0" 
	name="[COLOR blue][B]HDPLAY Repository[/B][/COLOR]" 
	provider-name="thanhnguyenphu">
	<requires>
		<import addon="xbmc.addon" version="12.0.0"/>
	</requires>
	<extension point="xbmc.addon.repository"
		name="[COLOR blue][B]HDPLAY Repository[/B][/COLOR]">
		<info compressed="true">https://raw.github.com/thanhnguyenphu/hdplay/master/addons.xml</info>
		<checksum>https://raw.github.com/thanhnguyenphu/hdplay/master/addons.xml.md5</checksum>
		<datadir zip="true">https://github.com/thanhnguyenphu/hdplay/raw/master/zips/</datadir>
	</extension>
	<extension point="xbmc.addon.metadata">
		<summary lang="en">Install addon from HDPLAY's repository</summary>
		<description lang="en">[COLOR red][B]HDPLAY[/COLOR]-[COLOR blue]Repository tập hợp các addon và repository giải trí online trên XBMC - Kodi[/B][/COLOR]</description>
		<disclaimer lang="en">Mọi nội dung được lấy từ Internet vì vậy chúng tôi không chịu trách nhiệm về chất lượng cũng như sự ổn định</disclaimer>
		<email>https://www.facebook.com/thanh.nguyenphu.3954</email>
		<platform>all</platform>
	</extension>
</addon>