﻿<?xml version="1.0" encoding="UTF-8" standalone="yes"?>
<addon id="plugin.video.tnp.hdplay"
       name="HDPlay"
       version="1.0.2"
       provider-name="HDrepo">
	<requires>
		<import addon="xbmc.python" version="2.1.0" />
		<import addon="script.module.simple.downloader" version="1.9.4" />
	</requires>
    <extension point="xbmc.python.pluginsource"
               library="default.py">
        <provides>video</provides>
    </extension>
    <extension point="xbmc.addon.metadata">
        <platform>all</platform>
        <language>en</language>
		<summary lang="en">TV online</summary>
		<description lang="en">Cám ơn trungk43 - Tác giả của addon HDplay, thanh51 chỉnh lý bổ sung các kênh TV</description>
    </extension>
</addon>
